date,side,entry_time,entry,sl,tp,exit_time,exit,r,reason,mae_r,mfe_r,month
2026-01-02,long,2026-01-02 15:00:00+00:00,1.34702,1.34473,1.35045,2026-01-02 18:00:00+00:00,1.34473,-1.122,sl,1.01,1.37,2026-01
2026-01-05,long,2026-01-05 15:00:00+00:00,1.34756,1.34446,1.35223,2026-01-05 16:00:00+00:00,1.35223,1.41,tp,0.05,1.58,2026-01
2026-01-06,short,2026-01-06 15:00:00+00:00,1.35097,1.35356,1.34708,2026-01-06 20:00:00+00:00,1.35009,0.23,time,0.62,0.65,2026-01
2026-01-07,short,2026-01-07 15:00:00+00:00,1.34862,1.35097,1.34508,2026-01-07 20:00:00+00:00,1.34638,0.829,time,0.46,0.99,2026-01
2026-01-08,short,2026-01-08 16:00:00+00:00,1.3434,1.34553,1.3402,2026-01-08 20:00:00+00:00,1.34371,-0.275,time,0.45,0.63,2026-01
2026-01-12,long,2026-01-12 15:00:00+00:00,1.34755,1.34505,1.35129,2026-01-12 20:00:00+00:00,1.34633,-0.599,time,0.78,0.18,2026-01
2026-01-13,short,2026-01-13 15:00:00+00:00,1.34591,1.34832,1.34231,2026-01-13 20:00:00+00:00,1.34326,0.99,time,0.0,1.41,2026-01
2026-01-15,short,2026-01-15 14:00:00+00:00,1.33733,1.3397,1.33377,2026-01-15 20:00:00+00:00,1.33765,-0.254,time,0.89,0.37,2026-01
2026-01-16,short,2026-01-16 15:00:00+00:00,1.33797,1.34007,1.33483,2026-01-16 15:00:00+00:00,1.34007,-1.134,sl,1.16,0.53,2026-01
2026-01-19,long,2026-01-19 14:00:00+00:00,1.34151,1.33952,1.3445,2026-01-19 20:00:00+00:00,1.34284,0.529,time,0.19,0.97,2026-01
2026-01-21,long,2026-01-21 14:00:00+00:00,1.34494,1.34218,1.34906,2026-01-21 17:00:00+00:00,1.34218,-1.102,sl,1.13,0.32,2026-01
2026-01-22,long,2026-01-22 15:00:00+00:00,1.3453,1.34165,1.35076,2026-01-22 20:00:00+00:00,1.34982,1.164,time,0.14,1.39,2026-01
2026-01-23,long,2026-01-23 14:00:00+00:00,1.3536,1.35115,1.35728,2026-01-23 16:00:00+00:00,1.35728,1.386,tp,0.58,2.5,2026-01
2026-01-26,long,2026-01-26 14:00:00+00:00,1.36767,1.36501,1.37166,2026-01-26 20:00:00+00:00,1.36806,0.042,time,0.66,1.35,2026-01
2026-01-27,long,2026-01-27 14:00:00+00:00,1.37406,1.37101,1.37864,2026-01-27 15:00:00+00:00,1.37864,1.408,tp,0.21,1.63,2026-01
2026-01-29,short,2026-01-29 15:00:00+00:00,1.37823,1.38233,1.37207,2026-01-29 20:00:00+00:00,1.38047,-0.615,time,0.98,0.95,2026-01
2026-01-30,short,2026-01-30 15:00:00+00:00,1.37263,1.37658,1.3667,2026-01-30 20:00:00+00:00,1.36844,0.989,time,0.4,1.1,2026-01
2026-02-02,short,2026-02-02 14:00:00+00:00,1.36528,1.36854,1.3604,2026-02-02 20:00:00+00:00,1.36666,-0.51,time,0.68,0.87,2026-02
2026-02-04,short,2026-02-04 14:00:00+00:00,1.36968,1.3723,1.36574,2026-02-04 16:00:00+00:00,1.36574,1.393,tp,0.77,1.98,2026-02
2026-02-05,short,2026-02-05 14:00:00+00:00,1.35452,1.3593,1.34734,2026-02-05 20:00:00+00:00,1.35388,0.076,time,0.87,0.51,2026-02
2026-02-06,long,2026-02-06 14:00:00+00:00,1.35951,1.35752,1.3625,2026-02-06 20:00:00+00:00,1.36193,1.077,time,0.27,1.39,2026-02
2026-02-09,long,2026-02-09 15:00:00+00:00,1.36614,1.36218,1.37208,2026-02-09 20:00:00+00:00,1.36962,0.808,time,0.41,0.98,2026-02
2026-02-11,short,2026-02-11 14:00:00+00:00,1.36413,1.36754,1.359,2026-02-11 20:00:00+00:00,1.36219,0.484,time,0.83,0.57,2026-02
2026-02-12,long,2026-02-12 14:00:00+00:00,1.36539,1.36267,1.36948,2026-02-12 16:00:00+00:00,1.36267,-1.103,sl,1.35,0.64,2026-02
2026-02-13,long,2026-02-13 16:00:00+00:00,1.36288,1.35975,1.36757,2026-02-13 20:00:00+00:00,1.3655,0.749,time,0.61,0.92,2026-02
2026-02-16,short,2026-02-16 14:00:00+00:00,1.36342,1.36515,1.36083,2026-02-16 20:00:00+00:00,1.36314,-0.001,time,0.39,0.46,2026-02
2026-02-17,short,2026-02-17 14:00:00+00:00,1.35217,1.35551,1.34716,2026-02-17 18:00:00+00:00,1.35551,-1.084,sl,1.19,0.71,2026-02
2026-02-18,short,2026-02-18 14:00:00+00:00,1.35529,1.35747,1.35201,2026-02-18 17:00:00+00:00,1.35201,1.372,tp,0.26,1.79,2026-02
2026-02-19,short,2026-02-19 14:00:00+00:00,1.34597,1.34869,1.34188,2026-02-19 20:00:00+00:00,1.34582,-0.05,time,0.52,0.9,2026-02
2026-02-20,long,2026-02-20 15:00:00+00:00,1.34824,1.34518,1.35282,2026-02-20 20:00:00+00:00,1.34889,0.123,time,0.61,1.03,2026-02
2026-02-24,long,2026-02-24 15:00:00+00:00,1.35053,1.34833,1.35383,2026-02-24 20:00:00+00:00,1.34989,-0.418,time,0.56,1.42,2026-02
2026-02-25,long,2026-02-25 15:00:00+00:00,1.35331,1.35079,1.35708,2026-02-25 20:00:00+00:00,1.35533,0.691,time,0.57,1.27,2026-02
2026-02-26,short,2026-02-26 15:00:00+00:00,1.35199,1.3549,1.34762,2026-02-26 17:00:00+00:00,1.34762,1.404,tp,0.94,2.38,2026-02
2026-02-27,short,2026-02-27 14:00:00+00:00,1.34456,1.34754,1.34008,2026-02-27 19:00:00+00:00,1.34754,-1.094,sl,1.27,0.08,2026-02
2026-03-06,long,2026-03-06 16:00:00+00:00,1.33788,1.3333,1.34475,2026-03-06 20:00:00+00:00,1.33923,0.232,time,0.38,0.66,2026-03
2026-03-09,long,2026-03-09 14:00:00+00:00,1.33702,1.33244,1.34389,2026-03-09 19:00:00+00:00,1.34389,1.439,tp,0.47,1.61,2026-03
2026-03-12,short,2026-03-12 14:00:00+00:00,1.33695,1.33991,1.33252,2026-03-12 20:00:00+00:00,1.33442,0.763,time,0.17,1.0,2026-03
2026-03-13,short,2026-03-13 15:00:00+00:00,1.3247,1.32858,1.31888,2026-03-13 20:00:00+00:00,1.32245,0.506,time,0.37,0.68,2026-03
2026-03-16,long,2026-03-16 14:00:00+00:00,1.33064,1.328,1.3346,2026-03-16 20:00:00+00:00,1.33167,0.284,time,0.63,1.21,2026-03
2026-03-17,long,2026-03-17 14:00:00+00:00,1.33421,1.33099,1.33903,2026-03-17 20:00:00+00:00,1.33561,0.351,time,0.2,0.7,2026-03
2026-03-19,long,2026-03-19 14:00:00+00:00,1.33564,1.3318,1.34139,2026-03-19 18:00:00+00:00,1.34139,1.427,tp,0.45,1.62,2026-03
2026-03-20,short,2026-03-20 14:00:00+00:00,1.33478,1.33857,1.3291,2026-03-20 20:00:00+00:00,1.33406,0.117,time,0.09,1.25,2026-03
2026-03-23,long,2026-03-23 14:00:00+00:00,1.3431,1.33528,1.35484,2026-03-23 20:00:00+00:00,1.34271,-0.086,time,0.66,0.61,2026-03
2026-03-24,short,2026-03-24 15:00:00+00:00,1.33827,1.34202,1.33264,2026-03-24 20:00:00+00:00,1.34202,-1.075,sl,1.32,0.77,2026-03
2026-03-30,short,2026-03-30 14:00:00+00:00,1.31862,1.32162,1.31414,2026-03-30 20:00:00+00:00,1.31838,-0.011,time,0.58,0.37,2026-03
2026-03-31,short,2026-03-31 14:00:00+00:00,1.31934,1.32337,1.31328,2026-03-31 14:00:00+00:00,1.32337,-1.069,sl,1.71,0.38,2026-03
2026-04-01,long,2026-04-01 14:00:00+00:00,1.33241,1.32844,1.33837,2026-04-01 20:00:00+00:00,1.33054,-0.542,time,0.77,0.49,2026-04
2026-04-02,long,2026-04-02 14:00:00+00:00,1.32241,1.31945,1.32686,2026-04-02 20:00:00+00:00,1.32268,-0.004,time,0.45,0.91,2026-04
2026-04-03,short,2026-04-03 14:00:00+00:00,1.32103,1.32255,1.31875,2026-04-03 20:00:00+00:00,1.31947,0.841,time,0.47,1.33,2026-04
2026-04-09,long,2026-04-09 15:00:00+00:00,1.34303,1.33994,1.34766,2026-04-09 20:00:00+00:00,1.34372,0.134,time,0.84,0.89,2026-04
2026-04-13,long,2026-04-13 14:00:00+00:00,1.34537,1.34294,1.349,2026-04-13 17:00:00+00:00,1.349,1.384,tp,0.3,1.54,2026-04
2026-04-14,long,2026-04-14 14:00:00+00:00,1.35876,1.35641,1.36228,2026-04-14 15:00:00+00:00,1.35641,-1.119,sl,1.05,0.03,2026-04
2026-04-15,long,2026-04-15 16:00:00+00:00,1.35693,1.35495,1.3599,2026-04-15 20:00:00+00:00,1.35612,-0.55,time,0.48,0.35,2026-04
2026-04-16,short,2026-04-16 14:00:00+00:00,1.35323,1.35556,1.34975,2026-04-16 20:00:00+00:00,1.35269,0.116,time,0.67,0.66,2026-04
2026-04-20,long,2026-04-20 15:00:00+00:00,1.35265,1.35025,1.35624,2026-04-20 20:00:00+00:00,1.35344,0.216,time,0.34,0.73,2026-04
2026-04-24,long,2026-04-24 15:00:00+00:00,1.35033,1.3481,1.35367,2026-04-24 20:00:00+00:00,1.35327,1.195,time,0.43,1.5,2026-04
2026-04-28,long,2026-04-28 16:00:00+00:00,1.35148,1.34892,1.35532,2026-04-28 20:00:00+00:00,1.3519,0.055,time,0.27,0.29,2026-04
2026-04-29,short,2026-04-29 15:00:00+00:00,1.34951,1.35171,1.3462,2026-04-29 18:00:00+00:00,1.3462,1.373,tp,0.26,1.61,2026-04
2026-04-30,long,2026-04-30 14:00:00+00:00,1.35342,1.34962,1.35912,2026-04-30 18:00:00+00:00,1.35912,1.426,tp,0.51,1.91,2026-04
2026-05-04,short,2026-05-04 16:00:00+00:00,1.35248,1.35538,1.34814,2026-05-04 20:00:00+00:00,1.35322,-0.35,time,0.61,0.37,2026-05
2026-05-05,long,2026-05-05 14:00:00+00:00,1.35549,1.35344,1.35857,2026-05-05 20:00:00+00:00,1.35393,-0.897,time,0.83,1.11,2026-05
2026-05-06,short,2026-05-06 16:00:00+00:00,1.35847,1.36126,1.3543,2026-05-06 20:00:00+00:00,1.3594,-0.432,time,0.54,0.08,2026-05
2026-05-07,long,2026-05-07 14:00:00+00:00,1.36299,1.36117,1.36572,2026-05-07 15:00:00+00:00,1.36117,-1.154,sl,1.17,0.1,2026-05
2026-05-08,long,2026-05-08 14:00:00+00:00,1.36247,1.3601,1.36603,2026-05-08 20:00:00+00:00,1.36338,0.265,time,0.57,0.49,2026-05
2026-05-11,long,2026-05-11 14:00:00+00:00,1.36262,1.36027,1.36614,2026-05-11 20:00:00+00:00,1.36108,-0.774,time,0.72,1.12,2026-05
2026-05-14,short,2026-05-14 14:00:00+00:00,1.34989,1.35218,1.34646,2026-05-14 16:00:00+00:00,1.34646,1.378,tp,0.57,2.82,2026-05
2026-05-18,long,2026-05-18 15:00:00+00:00,1.3403,1.33652,1.34598,2026-05-18 20:00:00+00:00,1.34338,0.739,time,0.51,1.23,2026-05
2026-05-20,long,2026-05-20 14:00:00+00:00,1.34075,1.33808,1.34477,2026-05-20 15:00:00+00:00,1.34477,1.395,tp,0.86,2.04,2026-05
2026-05-21,short,2026-05-21 14:00:00+00:00,1.34086,1.34355,1.33682,2026-05-21 17:00:00+00:00,1.34355,-1.104,sl,1.53,0.43,2026-05
2026-05-22,long,2026-05-22 15:00:00+00:00,1.34353,1.34157,1.34646,2026-05-22 20:00:00+00:00,1.34322,-0.3,time,0.23,0.89,2026-05
2026-05-26,short,2026-05-26 14:00:00+00:00,1.34622,1.34793,1.34366,2026-05-26 15:00:00+00:00,1.34366,1.336,tp,0.38,1.56,2026-05
2026-05-27,short,2026-05-27 14:00:00+00:00,1.34315,1.34521,1.34006,2026-05-27 14:00:00+00:00,1.34521,-1.136,sl,1.22,0.56,2026-05
2026-05-28,long,2026-05-28 14:00:00+00:00,1.34243,1.33987,1.34626,2026-05-28 20:00:00+00:00,1.34441,0.667,time,0.61,0.92,2026-05
2026-05-29,long,2026-05-29 14:00:00+00:00,1.34394,1.34157,1.3475,2026-05-29 14:00:00+00:00,1.3475,1.382,tp,0.37,1.69,2026-05
2026-06-01,short,2026-06-01 14:00:00+00:00,1.34115,1.34374,1.33725,2026-06-01 15:00:00+00:00,1.34374,-1.108,sl,1.64,0.08,2026-06
2026-06-02,long,2026-06-02 15:00:00+00:00,1.34787,1.34623,1.35034,2026-06-02 17:00:00+00:00,1.34623,-1.17,sl,1.26,0.1,2026-06
2026-06-03,short,2026-06-03 16:00:00+00:00,1.34295,1.34504,1.33982,2026-06-03 20:00:00+00:00,1.34178,0.427,time,0.22,0.77,2026-06
2026-06-05,short,2026-06-05 14:00:00+00:00,1.33996,1.34295,1.33548,2026-06-05 16:00:00+00:00,1.33548,1.406,tp,0.26,1.93,2026-06
2026-06-11,short,2026-06-11 14:00:00+00:00,1.33421,1.33649,1.33077,2026-06-11 17:00:00+00:00,1.33649,-1.122,sl,2.65,0.7,2026-06
2026-06-16,long,2026-06-16 15:00:00+00:00,1.34309,1.34078,1.34656,2026-06-16 20:00:00+00:00,1.34261,-0.332,time,0.5,0.48,2026-06
2026-06-17,short,2026-06-17 14:00:00+00:00,1.34009,1.34178,1.33755,2026-06-17 18:00:00+00:00,1.33755,1.334,tp,0.38,3.78,2026-06
2026-06-23,short,2026-06-23 14:00:00+00:00,1.32078,1.32336,1.31691,2026-06-23 20:00:00+00:00,1.32046,0.013,time,0.26,0.93,2026-06
2026-06-25,long,2026-06-25 14:00:00+00:00,1.31968,1.31702,1.32367,2026-06-25 20:00:00+00:00,1.31916,-0.302,time,0.23,0.85,2026-06
2026-06-29,long,2026-06-29 14:00:00+00:00,1.32394,1.32191,1.327,2026-06-29 20:00:00+00:00,1.32598,0.863,time,0.42,1.16,2026-06
2026-06-30,long,2026-06-30 14:00:00+00:00,1.32468,1.32201,1.32868,2026-06-30 14:00:00+00:00,1.32201,-1.105,sl,1.12,1.0,2026-06
2026-07-01,long,2026-07-01 14:00:00+00:00,1.3267,1.32408,1.33063,2026-07-01 20:00:00+00:00,1.32767,0.263,time,0.08,0.94,2026-07
2026-07-06,long,2026-07-06 14:00:00+00:00,1.33515,1.33322,1.33804,2026-07-06 17:00:00+00:00,1.33804,1.355,tp,0.35,1.68,2026-07
2026-07-07,short,2026-07-07 15:00:00+00:00,1.33711,1.33909,1.33415,2026-07-07 20:00:00+00:00,1.33593,0.455,time,0.5,1.05,2026-07
2026-07-08,long,2026-07-08 14:00:00+00:00,1.33715,1.33435,1.34135,2026-07-08 20:00:00+00:00,1.33889,0.52,time,0.48,1.31,2026-07
2026-07-13,short,2026-07-13 14:00:00+00:00,1.3379,1.34018,1.33448,2026-07-13 20:00:00+00:00,1.33448,1.377,tp,0.31,1.54,2026-07
2026-07-15,long,2026-07-15 14:00:00+00:00,1.34425,1.34138,1.34855,2026-07-15 15:00:00+00:00,1.34855,1.402,tp,0.1,1.93,2026-07
2026-07-16,short,2026-07-16 14:00:00+00:00,1.34956,1.35164,1.34645,2026-07-16 17:00:00+00:00,1.34645,1.365,tp,0.83,1.68,2026-07
2026-07-20,short,2026-07-20 14:00:00+00:00,1.34503,1.34699,1.34208,2026-07-20 15:00:00+00:00,1.34208,1.357,tp,0.3,1.8,2026-07
2026-07-21,short,2026-07-21 14:00:00+00:00,1.33828,1.34107,1.33409,2026-07-21 20:00:00+00:00,1.33756,0.156,time,0.53,0.53,2026-07
2026-07-23,short,2026-07-23 14:00:00+00:00,1.33301,1.33518,1.32977,2026-07-23 20:00:00+00:00,1.3315,0.568,time,0.0,1.32,2026-07
2026-07-27,short,2026-07-27 14:00:00+00:00,1.33051,1.33232,1.3278,2026-07-27 20:00:00+00:00,1.32894,0.715,time,0.68,1.11,2026-07
2026-07-28,long,2026-07-28 15:00:00+00:00,1.33051,1.32841,1.33367,2026-07-28 20:00:00+00:00,1.3289,-0.897,time,0.85,0.29,2026-07
2026-07-30,long,2026-07-30 14:00:00+00:00,1.34282,1.33912,1.34837,2026-07-30 20:00:00+00:00,1.3466,0.946,time,0.14,1.31,2026-07
2026-07-31,long,2026-07-31 15:00:00+00:00,1.34682,1.34345,1.35187,2026-07-31 20:00:00+00:00,1.34834,0.37,time,0.37,0.77,2026-07
2026-08-03,short,2026-08-03 14:00:00+00:00,1.34486,1.34684,1.3419,2026-08-03 18:00:00+00:00,1.3419,1.358,tp,0.39,1.52,2026-08
2026-08-10,long,2026-08-10 14:00:00+00:00,1.35069,1.34915,1.353,2026-08-10 20:00:00+00:00,1.3508,-0.111,time,0.11,1.5,2026-08
2026-08-11,long,2026-08-11 14:00:00+00:00,1.35088,1.34946,1.353,2026-08-11 20:00:00+00:00,1.35084,-0.223,time,0.82,0.34,2026-08
2026-08-12,short,2026-08-12 16:00:00+00:00,1.35075,1.35302,1.34734,2026-08-12 20:00:00+00:00,1.34964,0.366,time,0.14,0.84,2026-08
2026-08-14,long,2026-08-14 15:00:00+00:00,1.35498,1.35311,1.35778,2026-08-14 17:00:00+00:00,1.35311,-1.15,sl,1.17,0.4,2026-08
2026-08-18,long,2026-08-18 14:00:00+00:00,1.35424,1.35289,1.35627,2026-08-18 20:00:00+00:00,1.35329,-0.91,time,0.97,0.62,2026-08
2026-08-19,long,2026-08-19 14:00:00+00:00,1.36184,1.35933,1.3656,2026-08-19 17:00:00+00:00,1.35933,-1.112,sl,1.09,0.44,2026-08
2026-08-21,short,2026-08-21 14:00:00+00:00,1.36359,1.36629,1.35953,2026-08-21 20:00:00+00:00,1.36463,-0.488,time,0.69,0.62,2026-08
