date,side,entry_time,entry,sl,tp,exit_time,exit,r,reason,mae_r,mfe_r
2026-01-05,long,2026-01-05 13:00:00+00:00,4412.8652,4401.36021,4424.37019,2026-01-05 13:00:00+00:00,4424.37019,0.97,tp,0.51,1.54
2026-01-06,short,2026-01-06 14:00:00+00:00,4490.45001,4503.80005,4477.09998,2026-01-06 14:00:00+00:00,4477.09998,0.974,tp,0.77,1.18
2026-01-07,long,2026-01-07 13:00:00+00:00,4444.1476,4430.79009,4457.5051,2026-01-07 13:00:00+00:00,4457.5051,0.974,tp,0.57,1.41
2026-01-08,short,2026-01-08 15:00:00+00:00,4452.8099,4466.03989,4439.57991,2026-01-08 15:00:00+00:00,4439.57991,0.974,tp,0.97,1.25
2026-01-12,short,2026-01-12 13:00:00+00:00,4613.40259,4624.81006,4601.99512,2026-01-12 13:00:00+00:00,4624.81006,-1.031,sl,1.53,1.31
2026-01-13,short,2026-01-13 13:00:00+00:00,4608.99238,4619.76982,4598.21494,2026-01-13 13:00:00+00:00,4619.76982,-1.032,sl,1.88,0.92
2026-01-14,long,2026-01-14 14:00:00+00:00,4621.09017,4608.76011,4633.42024,2026-01-14 14:00:00+00:00,4633.42024,0.972,tp,0.58,2.08
2026-01-15,long,2026-01-15 13:00:00+00:00,4593.68992,4582.55996,4604.81987,2026-01-15 13:00:00+00:00,4604.81987,0.969,tp,0.87,2.38
2026-01-20,short,2026-01-20 14:00:00+00:00,4747.61989,4761.77983,4733.45994,2026-01-20 14:00:00+00:00,4733.45994,0.975,tp,0.63,1.0
2026-01-21,long,2026-01-21 15:00:00+00:00,4828.37269,4807.89019,4848.8552,2026-01-21 15:00:00+00:00,4848.8552,0.983,tp,0.71,2.09
2026-01-22,long,2026-01-22 13:00:00+00:00,4811.1248,4798.5998,4823.6498,2026-01-22 13:00:00+00:00,4823.6498,0.972,tp,0.12,2.1
2026-01-26,long,2026-01-26 13:00:00+00:00,5057.09003,5039.36011,5074.81995,2026-01-26 13:00:00+00:00,5074.81995,0.98,tp,0.29,1.34
2026-01-27,long,2026-01-27 14:00:00+00:00,5056.60773,5039.83032,5073.38513,2026-01-27 14:00:00+00:00,5073.38513,0.979,tp,0.87,1.27
2026-01-29,long,2026-01-29 15:00:00+00:00,5480.41503,5418.66011,5542.16995,2026-01-29 15:00:00+00:00,5418.66011,-1.006,sl,5.74,0.73
2026-02-03,short,2026-02-03 16:00:00+00:00,4987.435,5023.23999,4951.63,2026-02-03 17:00:00+00:00,4951.63,0.99,tp,0.86,1.61
2026-02-04,long,2026-02-04 14:00:00+00:00,5026.51251,4998.05005,5054.97498,2026-02-04 14:00:00+00:00,4998.05005,-1.012,sl,1.34,1.97
2026-02-09,short,2026-02-09 15:00:00+00:00,5075.86259,5100.65005,5051.07512,2026-02-09 15:00:00+00:00,5051.07512,0.986,tp,0.34,1.22
2026-02-10,short,2026-02-10 14:00:00+00:00,5092.6223,5114.58979,5070.65481,2026-02-10 14:00:00+00:00,5070.65481,0.984,tp,0.46,2.25
2026-02-11,long,2026-02-11 13:00:00+00:00,5060.29231,5034.76982,5085.81479,2026-02-11 13:00:00+00:00,5085.81479,0.986,tp,0.94,2.14
2026-02-12,long,2026-02-12 14:00:00+00:00,5063.43491,5047.03994,5079.82988,2026-02-12 14:00:00+00:00,5079.82988,0.979,tp,0.13,2.3
2026-02-17,long,2026-02-17 13:00:00+00:00,4896.02258,4868.79004,4923.25513,2026-02-17 13:00:00+00:00,4923.25513,0.987,tp,0.3,2.09
2026-02-18,short,2026-02-18 13:00:00+00:00,4971.94,4985.26001,4958.62,2026-02-18 13:00:00+00:00,4985.26001,-1.026,sl,1.34,0.68
2026-02-19,long,2026-02-19 13:00:00+00:00,4992.60259,4979.11006,5006.09512,2026-02-19 13:00:00+00:00,5006.09512,0.974,tp,0.19,1.92
2026-02-23,short,2026-02-23 14:00:00+00:00,5192.11489,5209.25986,5174.96992,2026-02-23 14:00:00+00:00,5209.25986,-1.02,sl,1.74,1.79
2026-02-24,long,2026-02-24 13:00:00+00:00,5156.49771,5139.39023,5173.60518,2026-02-24 13:00:00+00:00,5139.39023,-1.02,sl,1.73,1.38
2026-02-25,short,2026-02-25 16:00:00+00:00,5226.2599,5242.33989,5210.17991,2026-02-25 16:00:00+00:00,5210.17991,0.978,tp,0.46,1.07
2026-02-26,long,2026-02-26 14:00:00+00:00,5167.72511,5151.60015,5183.85007,2026-02-26 14:00:00+00:00,5183.85007,0.978,tp,0.81,1.52
2026-03-02,long,2026-03-02 14:00:00+00:00,5368.37269,5343.39019,5393.3552,2026-03-02 14:00:00+00:00,5343.39019,-1.014,sl,1.99,1.7
2026-03-03,long,2026-03-03 14:00:00+00:00,5059.97241,4995.68994,5124.25488,2026-03-03 14:00:00+00:00,5124.25488,0.995,tp,0.54,1.96
2026-03-05,long,2026-03-05 13:00:00+00:00,5121.29001,5098.16006,5144.41997,2026-03-05 13:00:00+00:00,5098.16006,-1.015,sl,1.55,2.32
2026-03-09,long,2026-03-09 13:00:00+00:00,5078.78749,5055.64995,5101.92502,2026-03-09 13:00:00+00:00,5101.92502,0.985,tp,0.16,1.76
2026-03-10,short,2026-03-10 13:00:00+00:00,5209.24749,5224.98994,5193.50503,2026-03-10 13:00:00+00:00,5224.98994,-1.022,sl,1.88,0.91
2026-03-11,long,2026-03-11 13:00:00+00:00,5166.65498,5150.61992,5182.69004,2026-03-11 13:00:00+00:00,5182.69004,0.978,tp,0.67,1.52
2026-03-12,long,2026-03-12 14:00:00+00:00,5147.38269,5131.43018,5163.33521,2026-03-12 14:00:00+00:00,5163.33521,0.978,tp,0.2,1.43
2026-03-17,long,2026-03-17 15:00:00+00:00,4989.26729,4972.66973,5005.86484,2026-03-17 15:00:00+00:00,5005.86484,0.979,tp,0.74,1.98
2026-03-18,long,2026-03-18 13:00:00+00:00,4865.33501,4842.34004,4888.32998,2026-03-18 13:00:00+00:00,4842.34004,-1.015,sl,1.23,1.04
2026-03-19,long,2026-03-19 13:00:00+00:00,4517.38756,4470.24995,4564.52517,2026-03-19 13:00:00+00:00,4564.52517,0.993,tp,0.26,2.28
2026-03-26,short,2026-03-26 14:00:00+00:00,4470.595,4500.87998,4440.31001,2026-03-26 14:00:00+00:00,4440.31001,0.988,tp,0.2,1.22
2026-03-31,short,2026-03-31 13:00:00+00:00,4635.02751,4656.11006,4613.94497,2026-03-31 13:00:00+00:00,4613.94497,0.983,tp,0.24,1.77
2026-04-01,short,2026-04-01 15:00:00+00:00,4799.94,4825.26001,4774.62,2026-04-01 18:00:00+00:00,4774.62,0.986,tp,0.83,1.25
2026-04-02,short,2026-04-02 14:00:00+00:00,4689.56499,4727.25996,4651.87002,2026-04-02 18:00:00+00:00,4695.2002,-0.159,time,0.98,0.85
2026-04-07,long,2026-04-07 14:00:00+00:00,4645.3174,4619.56987,4671.06492,2026-04-07 14:00:00+00:00,4671.06492,0.986,tp,0.52,1.63
2026-04-08,long,2026-04-08 14:00:00+00:00,4785.41771,4760.57026,4810.26516,2026-04-08 14:00:00+00:00,4760.57026,-1.014,sl,1.12,1.34
2026-04-09,short,2026-04-09 13:00:00+00:00,4790.4075,4806.62998,4774.18501,2026-04-09 13:00:00+00:00,4774.18501,0.978,tp,0.76,1.63
2026-04-13,short,2026-04-13 13:00:00+00:00,4767.1225,4780.98999,4753.255,2026-04-13 13:00:00+00:00,4753.255,0.975,tp,0.06,1.74
2026-04-14,short,2026-04-14 13:00:00+00:00,4825.91741,4842.46992,4809.36489,2026-04-14 13:00:00+00:00,4809.36489,0.979,tp,0.18,1.99
2026-04-15,short,2026-04-15 13:00:00+00:00,4852.81,4865.73999,4839.88,2026-04-15 13:00:00+00:00,4839.88,0.973,tp,0.05,1.68
2026-04-16,long,2026-04-16 13:00:00+00:00,4821.60509,4809.62007,4833.59011,2026-04-16 13:00:00+00:00,4809.62007,-1.029,sl,1.36,2.05
2026-04-21,long,2026-04-21 14:00:00+00:00,4774.99758,4755.19004,4794.80513,2026-04-21 14:00:00+00:00,4755.19004,-1.018,sl,1.72,1.36
2026-04-22,long,2026-04-22 13:00:00+00:00,4757.5851,4747.04009,4768.1301,2026-04-22 13:00:00+00:00,4768.1301,0.967,tp,0.28,2.07
2026-04-27,long,2026-04-27 13:00:00+00:00,4709.18,4700.72002,4717.63999,2026-04-27 13:00:00+00:00,4717.63999,0.959,tp,0.7,1.15
2026-04-29,long,2026-04-29 13:00:00+00:00,4547.26991,4530.37993,4564.15989,2026-04-29 13:00:00+00:00,4530.37993,-1.021,sl,1.48,1.11
2026-05-04,long,2026-05-04 15:00:00+00:00,4528.6175,4509.47002,4547.76499,2026-05-04 15:00:00+00:00,4547.76499,0.982,tp,0.42,2.57
2026-05-05,short,2026-05-05 13:00:00+00:00,4589.68989,4602.55986,4576.81992,2026-05-05 13:00:00+00:00,4576.81992,0.973,tp,0.51,1.14
2026-05-07,short,2026-05-07 14:00:00+00:00,4769.1776,4785.91011,4752.44509,2026-05-07 14:00:00+00:00,4752.44509,0.979,tp,0.29,1.08
2026-05-11,short,2026-05-11 13:00:00+00:00,4716.16021,4734.04023,4698.28018,2026-05-11 13:00:00+00:00,4734.04023,-1.02,sl,2.36,0.5
2026-05-12,long,2026-05-12 13:00:00+00:00,4687.4849,4672.73989,4702.22991,2026-05-12 13:00:00+00:00,4702.22991,0.976,tp,0.2,2.01
2026-05-13,long,2026-05-13 13:00:00+00:00,4677.90497,4665.61987,4690.19006,2026-05-13 13:00:00+00:00,4690.19006,0.972,tp,0.16,1.96
2026-05-14,long,2026-05-14 13:00:00+00:00,4687.0052,4669.92021,4704.09019,2026-05-14 13:00:00+00:00,4704.09019,0.98,tp,0.92,1.65
2026-05-18,short,2026-05-18 13:00:00+00:00,4584.8674,4601.26987,4568.46492,2026-05-18 13:00:00+00:00,4568.46492,0.979,tp,0.23,1.19
2026-05-19,long,2026-05-19 13:00:00+00:00,4522.8476,4505.59009,4540.1051,2026-05-19 13:00:00+00:00,4505.59009,-1.02,sl,3.23,1.05
2026-05-20,short,2026-05-20 14:00:00+00:00,4513.4551,4529.52012,4497.39009,2026-05-20 14:00:00+00:00,4529.52012,-1.022,sl,1.68,2.76
2026-05-21,long,2026-05-21 13:00:00+00:00,4496.33988,4481.15981,4511.51995,2026-05-21 13:00:00+00:00,4511.51995,0.977,tp,0.53,1.71
2026-05-27,long,2026-05-27 13:00:00+00:00,4447.0673,4425.36978,4468.76482,2026-05-27 13:00:00+00:00,4468.76482,0.984,tp,0.74,1.04
2026-05-28,short,2026-05-28 13:00:00+00:00,4469.29749,4485.18994,4453.40503,2026-05-28 13:00:00+00:00,4453.40503,0.978,tp,0.01,1.34
2026-06-01,long,2026-06-01 13:00:00+00:00,4513.74763,4499.19023,4528.30503,2026-06-01 13:00:00+00:00,4499.19023,-1.024,sl,2.58,1.38
2026-06-02,long,2026-06-02 13:00:00+00:00,4538.82983,4526.91992,4550.73975,2026-06-02 13:00:00+00:00,4550.73975,0.971,tp,0.57,1.31
2026-06-03,long,2026-06-03 13:00:00+00:00,4462.0052,4446.42021,4477.59019,2026-06-03 13:00:00+00:00,4477.59019,0.978,tp,0.51,2.09
2026-06-08,short,2026-06-08 13:00:00+00:00,4371.0223,4389.68979,4352.35481,2026-06-08 13:00:00+00:00,4352.35481,0.981,tp,0.03,1.36
2026-06-09,short,2026-06-09 13:00:00+00:00,4377.4577,4390.23022,4364.68518,2026-06-09 13:00:00+00:00,4364.68518,0.973,tp,0.87,2.22
2026-06-10,long,2026-06-10 14:00:00+00:00,4143.4,4117.6,4169.2,2026-06-10 14:00:00+00:00,4169.2,0.986,tp,0.14,2.35
2026-06-15,short,2026-06-15 13:00:00+00:00,4375.21729,4388.46973,4361.96484,2026-06-15 13:00:00+00:00,4388.46973,-1.026,sl,1.18,0.94
2026-06-17,short,2026-06-17 13:00:00+00:00,4358.56519,4368.66016,4348.47021,2026-06-17 13:00:00+00:00,4348.47021,0.965,tp,0.69,1.47
2026-06-18,long,2026-06-18 15:00:00+00:00,4252.1324,4234.82988,4269.43491,2026-06-18 15:00:00+00:00,4269.43491,0.98,tp,0.6,1.28
2026-06-23,short,2026-06-23 13:00:00+00:00,4156.57258,4172.99004,4140.15513,2026-06-23 13:00:00+00:00,4140.15513,0.979,tp,0.12,2.06
2026-06-24,long,2026-06-24 13:00:00+00:00,3996.29256,3975.27009,4017.31503,2026-06-24 13:00:00+00:00,4017.31503,0.983,tp,0.76,2.98
2026-06-25,short,2026-06-25 13:00:00+00:00,4039.9701,4054.5801,4025.3601,2026-06-25 13:00:00+00:00,4025.3601,0.976,tp,0.68,1.6
2026-06-29,long,2026-06-29 14:00:00+00:00,4033.07261,4017.99014,4048.15508,2026-06-29 14:00:00+00:00,4017.99014,-1.023,sl,1.4,1.1
2026-06-30,short,2026-06-30 14:00:00+00:00,4057.59255,4074.97004,4040.21505,2026-06-30 14:00:00+00:00,4074.97004,-1.02,sl,1.18,1.04
2026-07-01,short,2026-07-01 13:00:00+00:00,4055.5724,4074.08989,4037.05491,2026-07-01 13:00:00+00:00,4074.08989,-1.019,sl,3.62,1.56
2026-07-07,short,2026-07-07 13:00:00+00:00,4191.115,4203.46001,4178.77,2026-07-07 13:00:00+00:00,4178.77,0.972,tp,0.1,1.93
2026-07-08,long,2026-07-08 15:00:00+00:00,4043.19999,4022.79998,4063.60001,2026-07-08 16:00:00+00:00,4063.60001,0.983,tp,0.52,1.56
2026-07-09,short,2026-07-09 13:00:00+00:00,4136.32242,4148.08997,4124.55487,2026-07-09 13:00:00+00:00,4124.55487,0.97,tp,0.28,1.68
2026-07-13,long,2026-07-13 14:00:00+00:00,4046.72501,4030.90005,4062.54998,2026-07-13 14:00:00+00:00,4030.90005,-1.022,sl,2.59,0.49
2026-07-16,long,2026-07-16 13:00:00+00:00,3989.50494,3975.41992,4003.58997,2026-07-16 13:00:00+00:00,4003.58997,0.975,tp,0.88,1.64
2026-07-20,long,2026-07-20 14:00:00+00:00,4002.835,3991.83999,4013.83,2026-07-20 14:00:00+00:00,4013.83,0.968,tp,0.11,1.43
2026-07-21,long,2026-07-21 13:00:00+00:00,4051.5125,4041.05,4061.975,2026-07-21 13:00:00+00:00,4061.975,0.967,tp,0.3,1.39
2026-07-22,short,2026-07-22 13:00:00+00:00,4144.10251,4156.41006,4131.79497,2026-07-22 13:00:00+00:00,4156.41006,-1.028,sl,1.41,2.2
2026-07-23,long,2026-07-23 13:00:00+00:00,4059.3626,4046.6501,4072.0751,2026-07-23 13:00:00+00:00,4046.6501,-1.028,sl,1.32,0.84
2026-07-27,long,2026-07-27 13:00:00+00:00,4079.1874,4069.5499,4088.8249,2026-07-27 13:00:00+00:00,4088.8249,0.964,tp,0.79,1.31
2026-07-28,long,2026-07-28 14:00:00+00:00,4012.81,4001.74001,4023.87999,2026-07-28 14:00:00+00:00,4023.87999,0.968,tp,0.15,1.92
2026-07-30,short,2026-07-30 13:00:00+00:00,4150.79491,4166.97993,4134.60989,2026-07-30 13:00:00+00:00,4166.97993,-1.022,sl,1.34,1.7
2026-08-03,long,2026-08-03 13:00:00+00:00,4094.0876,4082.0501,4106.1251,2026-08-03 13:00:00+00:00,4082.0501,-1.029,sl,1.67,1.31
2026-08-04,short,2026-08-04 13:00:00+00:00,4146.27729,4159.70977,4132.84482,2026-08-04 13:00:00+00:00,4132.84482,0.974,tp,0.39,2.16
2026-08-05,short,2026-08-05 14:00:00+00:00,4279.7451,4298.18013,4261.31008,2026-08-05 14:00:00+00:00,4298.18013,-1.019,sl,1.52,0.9
2026-08-06,long,2026-08-06 13:00:00+00:00,4302.085,4287.33999,4316.83,2026-08-06 13:00:00+00:00,4316.83,0.976,tp,0.93,2.09
2026-08-10,long,2026-08-10 13:00:00+00:00,4379.0723,4367.88979,4390.25481,2026-08-10 13:00:00+00:00,4390.25481,0.969,tp,0.36,1.73
2026-08-13,long,2026-08-13 14:00:00+00:00,4415.17728,4399.80972,4430.54485,2026-08-13 14:00:00+00:00,4430.54485,0.977,tp,0.41,1.92
2026-08-17,short,2026-08-17 13:00:00+00:00,4471.82489,4483.59985,4460.04993,2026-08-17 13:00:00+00:00,4460.04993,0.97,tp,0.1,2.86
2026-08-18,long,2026-08-18 14:00:00+00:00,4438.3749,4426.2999,4450.4499,2026-08-18 14:00:00+00:00,4426.2999,-1.029,sl,1.6,2.02
2026-08-19,short,2026-08-19 13:00:00+00:00,4505.51732,4522.66987,4488.36477,2026-08-19 13:00:00+00:00,4522.66987,-1.02,sl,1.08,1.44
2026-08-20,short,2026-08-20 14:00:00+00:00,4560.78239,4575.42983,4546.13494,2026-08-20 14:00:00+00:00,4546.13494,0.976,tp,0.77,1.71
2026-08-24,short,2026-08-24 13:00:00+00:00,4733.18231,4747.82983,4718.53479,2026-08-24 13:00:00+00:00,4718.53479,0.976,tp,0.36,1.36
